id,name,category,genre,threads,threads_confirmed,other_sns,followers,claimed_income,income_tier,monetization,style,credibility,hype_flag,prominence,sources
1,nicolala♪(推し活資金note),A. 教材・ノウハウ販売型,Threads×楽天アフィリエイト（脱・稼げない）,不明,不明,"Tips(nico_lala), note(nico_note_)",不明,0→月5万円突破の実践ロードマップ(本人公表),④月1〜5万(初級レンジ),Tips『実践者の収益化バイブル』販売、note集客,『やり方はわかったのに稼げない人』向けの原因分析型,複数プラットフォームで一貫発信。目標値ベース、中程度,,4,https://note.com/nico_note_/n/n8bb814580aed | https://tips.jp/u/nico_lala/a/JR9tVCY1
2,あざらちママ🦭 / アフィリエイトの人,A. 教材・ノウハウ販売型,Threads×楽天アフィリエイト(主婦・副業),@azarachi_mama（推定）,推定,"note(@osaku_note), Brain(azarachi_mama)","Threads 5,000フォロワー(専用検証アカ・30日で988万閲覧, 本人公表)","月50万円以上(楽天アフィのみ・本人公表), 初月は7投稿で5万円",②月15〜50万(要検証),Brain/note有料教材『Threads×楽天アフィリエイトの教科書』(600部超と主張),顔出し不要・投稿だけで収益化を主軸に体系化した教科書型,Brain平均4.9/19件レビュー、600部超と主張。月50万は誇大の可能性,要注意(誇大の可能性),4,https://brain-market.com/u/azarachi_mama/a/b0UDN0EjMgoTZsNWa0JXY | https://note.com/osaku_note/n/n462a73838eb7
3,たあこママ【楽天アフィリで初月3万越え】,A. 教材・ノウハウ販売型,楽天アフィリエイト×Threads(主婦),@taako_mama_diary,確認済,Threads、楽天ROOM、Instagram(推定),7ヶ月で2.6万フォロワー(Threads・自己申告),初月3万円超、現在月40万円超(自己申告),②月15〜50万(要検証),note記事「初月3万円達成のやり方公開」,使ってよかった物を全アカウント連携で紹介,実Threads垢は確認。収益額は自販note内の自己申告,,3,https://note.com/noropipipi/n/n849245ac5071 | https://www.threads.com/@taako_mama_diary
4,カピパラおじさん｜アフィリエイトの人,A. 教材・ノウハウ販売型,Threads×楽天アフィリエイト教材,@oji_to_moji,確認済,note(@oji_to_moji),Threads 約1.6万フォロワー(1ヶ月で達成・本人公表),1ヶ月で20万円／『売上670万円』とも（自己申告）,①誇大・要検証(月100万超〜/累計高額),Brain『Threads×楽天アフィリエイトの攻略本』販売,「副業始めるならThreadsアフィリエイト一択」啓発型,Threadsハンドル確認済で信頼度中〜高。『売上670万円』は誇大の可能性,要注意(誇大の可能性),3,https://note.com/oji_to_moji/n/n250221bbc97a | https://www.threads.com/@oji_to_moji | https://www.threads.com/@oji_to_moji/post/DP7xhVUEix4/
5,tamama15,A. 教材・ノウハウ販売型,Threads×楽天アフィリエイト完全攻略マニュアル,不明,不明,Ameba公式ブログ(tamama1027)、Tips/Brain(tamama15)、Instagram、Threads,不明（ママブロガーとして著名）,最高総累計月収280万円超、0→1達成率ほぼ100%（自己申告）,①誇大・要検証(月100万超〜/累計高額),Tips教材『完全攻略マニュアル（全15章＋豪華特典）』販売,全15章の網羅型、ChatGPT自動化・アルゴリズム攻略,販売500部以上と主張。累計月収280万は検証不可、誇大の可能性,要注意(誇大の可能性),3,https://tips.jp/u/tamama15/a/IkWPbX8F
6,おかゆちゃん,A. 教材・ノウハウ販売型,Threads×楽天アフィリエイト（実践編）,@okayuchan_r00（推定）,推定,Brain(okayuchan_r00),『フォロワー少なくてもOK』と訴求,『リンク貼るだけで月5万!?』『初日から収益発生』,④月1〜5万(初級レンジ),Brain有料商材(完全ガイド実践編),フォロワー少なくてもOK・バズ不要を強調,本人公表のみ・検証不可。『月5万!?』は誇張の可能性,要注意(誇大の可能性),3,https://brain-market.com/u/okayuchan_r00/a/b3EzM2IjMgoTZsNWa0JXY
7,にじママ,A. 教材・ノウハウ販売型,Threads×楽天アフィ(副業初心者),不明,不明,note(@ppu_3),フォロワー0から開始と自称,『最初の収益』を最短で(小額・本人公表),⑤目標値/少額・実額不明,note記事「最初の収益を最短で生む実践ガイド」,フォロワー0でも売れるプロフィール/リンク設計,金額提示なし、初報酬発生の主張のみ,,3,https://note.com/ppu_3/n/n809d2a91bbe8
8,ネネ｜楽天アフィ×Threads,B. Threads実践・発信型,楽天アフィリエイト×Threads,@chih.ironote,確認済,note(記事に集約・URL不明),不明,"2週間で1万円, 3日目で初収益初月5桁(本人公表)",④月1〜5万(初級レンジ),Threads→note誘導(実践まとめ),Threads投稿で実績を提示しnoteへ誘導する導線型,本人公表のみ・検証不可。額は小さめで比較的現実的,,2,https://www.threads.com/@chih.ironote/post/DVDMwAmkidR | https://www.threads.com/@chih.ironote/post/DVDMwAmkidR/
9,ARALEちゃん,A. 教材・ノウハウ販売型,Threads×楽天アフィリエイト＋投稿専用GPTs,不明,不明,Brain(schan_1),不明,不明,不明/非公表,Brain『徹底解説＆投稿専用GPTs』販売（教材＋GPTsセット）,投稿自動生成GPTsをセットにしたツール訴求型,GPTs付きで差別化。収益実績の明示なし,,2,https://brain-market.com/u/schan_1/a/bygzN1IjMgoTZsNWa0JXY
10,AlaBee,A. 教材・ノウハウ販売型,Threads×ChatGPT×楽天アフィリエイト,不明,不明,Brain(alabee),不明,『月5万』（教材タイトルの目標値）,④月1〜5万(初級レンジ),Brain『【月5万】Threads×ChatGPT×楽天アフィリ完全ガイド』販売,AI（ChatGPT）活用・テンプレ配布型,実績の具体的記述は乏しい。目標値としての月5万,,2,https://brain-market.com/u/alabee/a/b4kDN0IjMgoTZsNWa0JXY
11,Haru脱サラした男(フォロバ100),A. 教材・ノウハウ販売型,楽天×Threads副業,不明,不明,note(@haru_note_sub),不明（フォロバ100）,初心者が月20万稼げた(本人公表),②月15〜50万(要検証),有料note(攻略法),『稼げた全プロセス』を初心者目線で公開,本人公表のみ・検証不可。月20万は誇張の可能性,,2,https://note.com/haru_note_sub/n/nd24633e639c2
12,Suu｜月3万つくる発信術,A. 教材・ノウハウ販売型,子育て/日用品(ズボラママ系),不明,不明,note(@suu0808),不明,月3万円(本人公表),④月1〜5万(初級レンジ),note有料記事(月3万つくる発信術),『ズボラでもできた』低負荷・月3万リアル路線,本人公表のみ・検証不可。額は控えめで比較的現実的,,2,https://note.com/suu0808/n/n5c323378b936
13,ricoco-sns,A. 教材・ノウハウ販売型,楽天アフィリエイト×Threads完全ガイド,不明,不明,Tips(ricoco-sns),不明,不明,不明/非公表,Tips有料商材(ゼロから始める完全ガイド),アカウント設計〜アフィ投稿文まで網羅する教材型,教材内容は網羅的。収益実績明示なし,,2,https://tips.jp/u/ricoco-sns/a/threads-affi
14,ぐでまま,A. 教材・ノウハウ販売型,楽天アフィ超入門(Threads),不明,不明,note(@gudemama_note),不明,外食費を生み出す規模(小額・本人公表),⑤目標値/少額・実額不明,有料note(超入門・コピペ×AI時短),『つぶやくだけで外食費』と小さな成功を訴求,少額・等身大訴求で誇大度は低め,要注意(誇大の可能性),2,https://note.com/gudemama_note/n/n0675f6b222b7
15,さよ,A. 教材・ノウハウ販売型,Threads×楽天アフィ(低フォロワー),不明,不明,note(sayo_8211),「フォロワー100人でも売れる」訴求,不明,不明/非公表,note有料記事,少フォロワーでも売れる「たった1つのコツ」型,note発信者。ハンドル未確認,,2,https://note.com/sayo_8211/n/n918ba9bc12d0
16,しゅふさん,A. 教材・ノウハウ販売型,主婦のThreads×アフィ,不明,不明,note(@syuhu_san),不明,不明,不明/非公表,有料/無料note(完全ロードマップ),『怪しくない』主婦でもできたを打ち出す安心訴求型,本人公表のみ・検証不可,,2,https://note.com/syuhu_san/n/n097ffad660c2
17,なゆた♧3姉妹ママ,A. 教材・ノウハウ販売型,Threads×楽天アフィ(3姉妹ママの隙間時間),不明,不明,note(humble_daisy8859),不明,Threads×楽天アフィで月10万稼ぐまで,③月8〜10万,note記事販売/誘導,「アフィは踏まないと決めていた私が」共感ストーリー型,note発信者。収益自己申告,,2,https://note.com/humble_daisy8859/n/n3a9be543c26f
18,はなひら,A. 教材・ノウハウ販売型,Threads×楽天アフィリエイト,不明,不明,note(@decided),不明,月5万円(目標値・本人提示),④月1〜5万(初級レンジ),note記事「初心者向け完全収益化ガイド」,初心者向け完全収益化ガイド型,note発信者。ハンドル未確認,,2,https://note.com/decided/n/nf99978693555
19,アンパンママ⌇Threads×楽天アフィでママたちを救う,A. 教材・ノウハウ販売型,Threads×楽天アフィ(ママ向け),不明,不明,note(saya923),1ヶ月で1.2万フォロワー(Threads・自己申告),1ヶ月で月15万円,②月15〜50万(要検証),note記事(NG行動まとめ等),ママ支援を掲げNG行動・失敗回避を解説,短期での高実績主張、自販note内の自己申告,要注意(誇大の可能性),2,https://note.com/saya923/n/n83d267b7a196
20,クッキー,A. 教材・ノウハウ販売型,子育て/日用品(育児スキマ時間),不明,不明,note(@modern_llama167),不明,月10万円達成(育児スキマ時間・本人公表),③月8〜10万,有料note(楽天アフィの話),育児のスキマ時間で稼いだ体験談型,本人公表のみ・検証不可。月10万は誇張の可能性,,2,https://note.com/modern_llama167/n/n0da0b2634281
21,テンハッピー(Threads×楽天アフィ),A. 教材・ノウハウ販売型,日用品/暮らし(元楽天社員という訴求),不明,不明,note(@leal_iguana1546),不明,1ヶ月で月10万円達成(本人公表),③月8〜10万,有料note(攻略),『元楽天社員が明かす』を権威付けにした攻略解説,本人公表のみ・検証不可。『元楽天社員』は自称で裏付けなし,,2,https://note.com/leal_iguana1546/n/n0f7f543def17
22,パソコン倶楽部（omoto_club）,A. 教材・ノウハウ販売型,AI×SNS Threadsアフィリエイト,不明,不明,note(omoto_club),不明,『月10万円』（目標値）,③月8〜10万,note連載/有料記事『月10万円』等を販売,AI×SNSブランドで記事量産型,目標値ベース。実績の裏付け薄い,,2,https://note.com/omoto_club/n/n593ecb2a61b6 | https://note.com/omoto_club/n/na4655ca39d5d
23,小太郎,A. 教材・ノウハウ販売型,楽天/Amazonアフィリエイト投稿文作成GPTs,不明,不明,"Brain(kotaro_koko), X",不明,不明,不明/非公表,Brain『X/Threads投稿文章作成特化型GPTs』販売,X・Threads投稿文生成GPTsのツール販売型,ツール販売中心。収益実績の主張なし,,2,https://brain-market.com/u/kotaro_koko/a/b4MTO5IjMgoTZsNWa0JXY
24,harucu_marketing(はるくま),B. Threads実践・発信型,マーケ/ガジェット(規約・手法解説),@harucuma_amuc（推定）,推定,note(@harucuma_amuc),不明,月3万円達成のロードマップ(本人公表),④月1〜5万(初級レンジ),有料/無料note(規約順守ガイド),景表法・規約違反回避など堅実な手法解説型,note発信者。誇大表現は少なめ,要注意(誇大の可能性),2,https://note.com/harucuma_amuc/n/n63bb3d38249b
25,ゆか(yu_ka)@WordPress専門家,B. Threads実践・発信型,アフィリエイター視点の実体験レビュー,不明,不明,"note(@yuka001), ブログ/WordPress",不明,不明(懐疑的な検証記事),⑤目標値/少額・実額不明,note(実体験記)/ブログ,Threads×楽天を実際やって思ったこと(批判含む),検証寄りで誇大表現なし。信頼度は相対的に高め,要注意(誇大の可能性),2,https://note.com/yuka001/n/n3ed7c7fdf470
26,青ゆりあ,B. Threads実践・発信型,0から始めるThreads楽天アフィリエイト(連載),不明,不明,note(@fu_ring328),不明,不明(0から始める連載),⑤目標値/少額・実額不明,note(攻略本レビュー・PR/アフィリ導線),『0から始める』連載＋他者攻略本レビュー型,本人公表のみ・検証不可。レビューはアフィリPRの可能性,,2,https://note.com/fu_ring328/n/n86848ff3da23 | https://note.com/fu_ring328/n/n8b1493397ec0
27,Rei＊働くママと子供のいる暮らし,C. 楽天ROOMインフルエンサー型,楽天ROOM インテリア・日用雑貨・子育て,不明,不明,"Instagram, 楽天ROOM",IG 約36.6万,不明,不明/非公表,楽天ROOM/楽天アフィリエイト、タイアップ,3児のワーママ目線で日用品・子ども用品・マタニティ紹介,find-model子育て系掲載。信頼度中〜高,,2,https://find-model.jp/insta-lab/influencers-rakuten-room-family/ | https://find-model.jp/insta-lab/rakuten-room-influencers-lifestyle-goods/
28,Umy,C. 楽天ROOMインフルエンサー型,楽天ROOM カジュアルファッション,不明,不明,"Ameba公式トップブロガー, Instagram, 楽天ROOM",IG 約53.4万,不明,不明/非公表,楽天ROOM、Ameba、タイアップ,カジュアルコーデ提案が中心,Ameba公式トップブロガーで一定の信頼度,,2,https://find-model.jp/insta-lab/rakuten-room-influencers-fashion/
29,yuki（ドキ子）インテリアと暮らし,C. 楽天ROOMインフルエンサー型,楽天ROOM インテリア・暮らし,不明,不明,"Instagram, 楽天ROOM",約8.5万(2022年11月時点/推定),不明,不明/非公表,楽天ROOM/楽天アフィリエイト,シンプルで役立つ商品をジャンル分けして紹介,find-model掲載。数値のプラットフォーム不明確,,2,https://find-model.jp/insta-lab/rakuten-room-interior-influencer/
30,あすか｜ROOMインフルエンサー,C. 楽天ROOMインフルエンサー型,楽天ROOM ミニマリスト・生活雑貨,不明,不明,"Instagram, 楽天ROOM",約24.51万(楽天ROOM/推定)、ROOM OF THE YEAR 2024総合3位,不明,不明/非公表,楽天ROOM/楽天アフィリエイト,白基調のシンプル上品な雑貨を厳選紹介,ROOM OF THE YEAR 2024総合3位・2年連続上位。信頼度高,,2,https://find-model.jp/insta-lab/rakuten-room-influencers-lifestyle-goods/ | https://find-model.jp/insta-lab/rakutenroom-influencer-household-goods/
31,ひより,C. 楽天ROOMインフルエンサー型,楽天ROOM 生活雑貨・インテリア,不明,不明,"Instagram, 楽天ROOM",不明,不明,不明/非公表,楽天ROOM/楽天アフィリエイト,白を基調に部屋をおしゃれにする雑貨・日用品を紹介,find-model掲載。信頼度中,,2,https://find-model.jp/insta-lab/rakuten-room-influencers-lifestyle-goods/ | https://find-model.jp/insta-lab/rakuten-room-interior-influencer/
32,ムーン☽（moon_ismart）,C. 楽天ROOMインフルエンサー型,楽天ROOM 生活雑貨・日用品,@moon_ismart（推定）,推定,"Instagram(moon_ismart), 楽天ROOM",約35.64万(楽天ROOM、2023年9月時点/推定),不明,不明/非公表,楽天ROOM/楽天アフィリエイト,30代主婦が「買ってよかった」日用品を紹介,find-model掲載の大型ROOMインフルエンサー,,2,https://find-model.jp/insta-lab/rakutenroom-influencer-household-goods/ | https://www.instagram.com/moon_ismart/?hl=ja
33,Rさん@楽天×ECサイトアフィリ攻略,D. コンサル・教育事業型,EC/日用品(楽天アフィ全般),不明,不明,note(@affiliate1234),不明,不明(『稼がせる人』指導者ポジション),⑤目標値/少額・実額不明,有料note(攻略)/コンサル的訴求,新SNS参入をいち早く解説する指導者型,数値未確認、指導者ポジション,,2,https://note.com/affiliate1234/n/n42282e79357a
34,けんいち｜ブログ収益で個人事業主,E. 検証・批評型,ブログ収益・Threads検証,不明,不明,"note(@kenichi_log), ブログ",不明,不明(1ヶ月試した検証記事),⑤目標値/少額・実額不明,note(個人事業主を名乗る),『稼げる?1ヶ月試した』率直な検証・評価型,検証寄りで誇大表現なし。信頼度は相対的に高め,要注意(誇大の可能性),2,https://note.com/kenichi_log/n/n7be8f7fd9d5c
35,ankoro,A. 教材・ノウハウ販売型,楽天アフィリエイト×Threads,@ankoro_18,確認済,固定スレにまとめ,不明,"楽天アフィで57,000円",⑤目標値/少額・実額不明,テンプレ配布・固定投稿誘導,「テンプレ真似するだけ」再現性訴求,実ハンドル確認済。収益自己申告,,1,https://www.threads.com/@ankoro_18/post/DRLPFudAQIH/
36,ばいらるくん｜SNSで在宅副業,A. 教材・ノウハウ販売型,Threads収益化(在宅副業),@viralkun_sns,確認済,不明,不明,「1日で3万円稼いだ」,⑤目標値/少額・実額不明,収益化ノウハウ発信・教材示唆,インパクト重視の収益実績訴求,実ハンドル確認済。誇張的訴求で要留保,要注意(誇大の可能性),1,https://www.threads.com/@viralkun_sns/post/C_7oCVyJfOQ
37,まこ｜Threads×アフィリエイト発信,A. 教材・ノウハウ販売型,Threads×アフィリエイト(楽天トラベル等),@mako_blog_,確認済,不明,不明,不明(初月1万円層),④月1〜5万(初級レンジ),固定投稿にやり方をまとめ誘導,「ジャンル決めなくてOK・楽天トラベル推奨」実用Tips,実ハンドル確認済,,1,https://www.threads.com/@mako_blog_?hl=ja
38,Threadsの由美｜楽天アフィリ1日10分で月3万円,B. Threads実践・発信型,楽天・Amazonアフィリエイト×Threads,@yumi202376,確認済,X,不明,1日10分で月3万円(プロフィール掲示),④月1〜5万(初級レンジ),ノウハウ発信・誘導,スキマ時間・時短を前面に、注意点も投稿,実ハンドル確認済。収益自己申告,,1,https://www.threads.com/@yumi202376/post/DHUcFqXJcH0/
39,あまね,B. Threads実践・発信型,Threads収益化,@amane_insta_,確認済,Instagram示唆,不明,不明,不明/非公表,「Threads収益化4ステップ」ノウハウ発信,手順を4ステップに簡略化して提示,実ハンドル確認済,,1,https://www.threads.com/@amane_insta_/post/DD_RmzmJDwa
40,せせ,B. Threads実践・発信型,楽天アフィリエイト×Threads(ASP登録実務),@sese_goodlife,確認済,不明,不明,不明,不明/非公表,不明,「もしも以外はスレッズでも登録できた」等の実務情報,実ハンドル確認済。実務Tips中心,,1,https://www.threads.com/@sese_goodlife/post/DEPtiS3yjtc
41,はる⌂*,B. Threads実践・発信型,育児2児ママの生活/お得系,@____haru.mama,確認済,Threads(____haru.mama),不明,不明(ふるさと納税等お得情報でアフィ導線),⑤目標値/少額・実額不明,Threads投稿→楽天アフィリンク導線,育児をゆるく楽しむ実生活系お得情報,実Threads垢は確認。収益額は未確認,,1,https://www.threads.com/@____haru.mama/post/DPM874_E9Cz/
42,ひろ｜在宅で月10万叶えるブログの先生,B. Threads実践・発信型,ブログ×Threadsアフィリエイト,@hiro_blog_life,確認済,ブログ,不明,在宅で月10万(プロフィール掲示),③月8〜10万,ブログ・固定投稿・コメント欄リンクの3導線,リンク設計・導線づくりのノウハウ発信,実ハンドル確認済。収益自己申告,,1,https://www.threads.com/@hiro_blog_life/post/DHNVa4ozmNk/
43,むぎ,B. Threads実践・発信型,楽天アフィリエイト×ブログ/Threads,@mugi629322,確認済,ブログ,不明,"4日で初報酬、2ヶ月目14,847円、3ヶ月目31,396円",⑤目標値/少額・実額不明,ブログへの誘導,月次の具体的な報酬額を淡々と公開,実ハンドル確認済。細かい実額提示で比較的具体的,,1,https://www.threads.com/@mugi629322/post/DI2g4rjzN8b/
44,佐々木三四郎,B. Threads実践・発信型,スレッズアフィリエイト,@sasaki_sanshiro,確認済,不明,不明,不明,不明/非公表,収益化ノウハウ発信,「稼ぎ続ける秘密」など継続的収益をテーマに発信,実ハンドル確認済,,1,https://www.threads.com/@sasaki_sanshiro/post/DIAYiCWST7h/
45,___k___319,C. 楽天ROOMインフルエンサー型,楽天アフィリエイト×日用品(主婦・推定),@___k___319,確認済,Threads、楽天アフィリエイト、Instagram(推定),不明,不明,不明/非公表,楽天アフィリエイト/楽天ROOM,PR表記など規約Q&Aにも回答する実務派,実在Threads運用者。属性・数値不明、信頼度中,,1,https://www.threads.com/@___k___319
46,anママ,C. 楽天ROOMインフルエンサー型,楽天ROOM×日用品(ママ),@anmamaroom,確認済,Threads、楽天ROOM、Instagram(推定),不明,不明,不明/非公表,楽天ROOM/楽天アフィリエイト,PR表記や規約に触れる実務的な投稿も,実在Threads運用者。数値不明、信頼度中,,1,https://www.threads.com/@anmamaroom
47,＃クセかわ,C. 楽天ROOMインフルエンサー型,手土産・スイーツ紹介×楽天アフィ,@kusekawa_ii,確認済,楽天ROOM(kusekawa_ii),不明,不明,不明/非公表,楽天ROOMリンク誘導,美味しい手土産・スイーツをテーマ特化で紹介,実ハンドル+ROOM確認済。商品紹介型,,1,https://www.threads.com/@kusekawa_ii/post/DVshnYkFOUc/
48,Sota Tominaga,D. コンサル・教育事業型,SNSマーケ・Threads収益化(楽天特化ではない),@sota_tominaga,確認済,不明,不明(大型アカウント),「Threadsだけで毎月1000万円以上利益」,①誇大・要検証(月100万超〜/累計高額),高額商材/コンサル示唆,大型実績訴求のマーケ系インフルエンサー,実ハンドル確認済。数値は極めて大きく検証不可、要留保,要注意(誇大の可能性),1,https://www.threads.com/@sota_tominaga/post/DT7ck1RlHZr/
49,山口尚孝│SNS運用コンサル,D. コンサル・教育事業型,SNS運用・Threads×楽天アフィリエイト,@satoru_obento,確認済,不明,不明,「月5万増やすならThreadsで楽天アフィ」訴求,④月1〜5万(初級レンジ),SNS運用コンサル,初心者向けに始め方をステップ解説,実ハンドル確認済。コンサル系,,1,https://www.threads.com/@satoru_obento/post/DOsDtbwEgty/
50,しろ,E. 検証・批評型,SNS運用・楽天アフィ検証,@shiro_sns01,確認済,不明,不明,言及なし(「売上≠成果報酬」と警鐘),⑤目標値/少額・実額不明,SNS運用ノウハウ,稼ぐ系の誇張に対する批判的・注意喚起の視点,実ハンドル確認済。健全な批判的視点で信頼度高,,1,https://www.threads.com/@shiro_sns01/post/DHj7r03y1pK/
51,K_san,A. 教材・ノウハウ販売型,Threads×楽天アフィ全記録,不明,不明,note(right_sable8621),フォロワー0スタートと主張,フォロワー0から月3万円,④月1〜5万(初級レンジ),note有料記事(複数本),『有料note1本から報酬発生』を訴求,自販note内の自己申告,,1,https://note.com/right_sable8621/n/n75777e83b61a
52,Kyon｜ママ副業×発信,A. 教材・ノウハウ販売型,楽天ROOM×X/Threads(ママ副業),不明,不明,"note(kyonroom), X・楽天ROOM",不明,「副業収入になった」,⑤目標値/少額・実額不明,note記事、楽天ROOM,ブログなしでROOMリンクを各SNSに貼る手法,note発信者。ハンドル未確認,,1,https://note.com/kyonroom/n/nafd71ed1f5f2
53,Shun Takaki | Traveler,A. 教材・ノウハウ販売型,Threadsアフィリエイト（裏ルート）,不明,不明,note(inakaonline),『フォロワー100人から収益化』と訴求,『月1万円を稼ぐ裏ルート』（目標値）,④月1〜5万(初級レンジ),note『月1万円を稼ぐ裏ルート』販売,仕組み化・顔出し不要・少フォロワー訴求,『裏ルート』の煽り表現。目標値ベース,,1,https://note.com/inakaonline/n/nd317cb356cca
54,Watata,A. 教材・ノウハウ販売型,AI活用/日用品,不明,不明,note(@kiku5234),不明,AI楽天アフィで月10万円(本人公表),③月8〜10万,有料note(AI×楽天アフィ手法),AI(ChatGPT)活用の自動化を前面に出す,本人公表のみ・検証不可。月10万は誇張の可能性,,1,https://note.com/kiku5234/n/n77f491456366
55,ann,A. 教材・ノウハウ販売型,Threadsで稼ぐ検証,不明,不明,note(ann_sukinayouni),不明,『4日で総売上150万』(note見出し),⑤目標値/少額・実額不明,note有料記事,短期高額売上をフックにした検証note,「総売上」であり報酬額ではない点に注意。誇大寄り,要注意(誇大の可能性),1,https://note.com/ann_sukinayouni/n/n9cae3538e073
56,dear_pico,A. 教材・ノウハウ販売型,楽天ROOMアフィリエイト（超初心者）,不明,不明,note(dear_pico),不明,不明,不明/非公表,note『楽天ROOMのやり方完全ガイド 5ステップ』,育児の合間に・ゆるく続ける超初心者ガイド,楽天ROOM側の該当者。堅実、誇張少,,1,https://note.com/dear_pico/n/na6a1f8618b59
57,haruroooom,A. 教材・ノウハウ販売型,日用品/暮らし(楽天ROOM主体・主婦),不明,不明,"note(@haruroooom), 楽天ROOM",不明,楽天ROOMで月5万達成(本人公表),④月1〜5万(初級レンジ),有料note(楽天ROOM攻略ロードマップ),『普通の主婦』の楽天ROOM攻略ロードマップ,本人公表のみ・検証不可,,1,https://note.com/haruroooom/n/n101756997dd8
58,panko（ぱんこ）,A. 教材・ノウハウ販売型,Threads×Amazon（元楽天アフィ）,不明,不明,Tips(panko-tips),不明,『楽天アフィから変更したら報酬が15倍』（自己申告）,⑤目標値/少額・実額不明,Tips『Threads×Amazon完全攻略ガイド』販売,楽天→Amazon乗り換えの比較・報酬最適化訴求,『15倍』は自己申告で誇大の可能性,要注意(誇大の可能性),1,https://tips.jp/u/panko-tips/a/irlnrUeA
59,room10yu,A. 教材・ノウハウ販売型,日用品/暮らし,不明,不明,"note(@room10yu), 楽天ROOM(推定)",不明,1ヶ月で月収20万円(訴求),⑤目標値/少額・実額不明,有料note/攻略本レビュー,他者攻略本の『再現性No.1』レビュー＋自身の実績訴求,本人公表のみ・検証不可。月20万は誇張の可能性,,1,https://note.com/room10yu/n/n2a7b77001c87
60,sakura（さくら）,A. 教材・ノウハウ販売型,楽天ROOM×AI（GPTs）副業,不明,不明,Tips(sakurass_tips),不明,『月10万円を狙う』（目標値）,③月8〜10万,Tips『楽天ROOM副業で月10万円を狙うAI活用術』販売,楽天ROOM特化・GPTsで文章丸投げ,目標値訴求。楽天ROOM側の該当セラー,,1,https://tips.jp/u/sakurass_tips/a/lDwvDFwN
61,shio,A. 教材・ノウハウ販売型,楽天ROOM/Threadsアフィ,不明,不明,note(tsrm730),不明,「楽天ROOM成果ゼロから」の脱出術,⑤目標値/少額・実額不明,note有料記事,スマホ完結・ROOM挫折者向け,金額提示乏しい,,1,https://note.com/tsrm730/n/n81f57662c115
62,あき,A. 教材・ノウハウ販売型,Threads×誘導線×アフィリエイト,不明,不明,Brain(mera_mera),不明,不明,不明/非公表,Brain『Threads×誘導線×アフィリエイトで収益を作る方法』販売,リスト/誘導線設計を軸にした収益化解説,楽天特化ではなくアフィリ全般寄り。実績不明,,1,https://brain-market.com/u/mera_mera/a/b5gzM5AjMgoTZsNWa0JXY
63,あさノン,A. 教材・ノウハウ販売型,2児ママ副業,不明,不明,note(asanon_non),不明（フォロバ100運用）,『副業で月20万の2児ママ』(プロフィール),②月15〜50万(要検証),note有料記事想定,プロフィールで月20万を掲示,収益はプロフィール自己申告、内訳不明,,1,https://note.com/asanon_non
64,きらぷる堂,A. 教材・ノウハウ販売型,Threads×楽天アフィリエイト（体験記型教材）,@kirapurudo（推定）,推定,Brain(kirapurudo),不明,"月8万円収益達成（自己申告、38,000文字体験）",③月8〜10万,Brain『月8万円収益達成』販売（無料部分あり）,"38,000字のリアル体験談ベース",月8万は自己申告。無料部分公開で検証余地あり、中程度,,1,https://brain-market.com/u/kirapurudo/a/b4kjM5IjMgoTZsNWa0JXY
65,きりん🦒30代ママ,A. 教材・ノウハウ販売型,子育て/旅行/日用品(30代ママ),不明,不明,"note(@decoboco_sisters), 楽天ROOM系(推定)",不明,『爆速収益化』(具体額不明・本人公表),⑤目標値/少額・実額不明,有料note(有料級ノウハウ徹底解説),お買い物・旅行のお得情報×楽天アフィの掛け合わせ,本人公表のみ・検証不可。『爆速』は誇張の可能性,,1,https://note.com/decoboco_sisters/n/n46183f068d61
66,くみこ,A. 教材・ノウハウ販売型,SNS発信・スレッズ収益化解説,不明,不明,note(kumiko_business),不明,不明,不明/非公表,note有料記事,『スレッズ収益化2026』仕組み解説型,解説系、個人実績は前面に出さず,,1,https://note.com/kumiko_business/n/nd98ef2978e57
67,ぐーたら団長,A. 教材・ノウハウ販売型,副業全般/日用品,不明,不明,note(@gudegudedantyou),不明,1ヶ月で20万円(訴求),⑤目標値/少額・実額不明,有料note(副業が最強の理由),『これならできるかも』で始めた成功体験訴求型,本人公表のみ・検証不可。月20万は誇張の可能性,,1,https://note.com/gudegudedantyou/n/n38ec2970cb66
68,この世は金と知恵,A. 教材・ノウハウ販売型,日用品/暮らし(時短リサーチ),不明,不明,note(@money_wisdom),不明,月20万(200部突破スタートガイド訴求),②月15〜50万(要検証),有料note(200部突破スタートガイド),『200部突破』『月20万』を前面に出す販売強め型,本人公表のみ・検証不可。月20万は誇張の可能性,,1,https://note.com/money_wisdom/n/n3b9c803d46ab
69,たけママ,A. 教材・ノウハウ販売型,Threads×楽天アフィリエイト(ワーママ),不明,不明,Amazon Kindle,不明,「月1万円」書籍タイトル訴求,④月1〜5万(初級レンジ),Kindle電子書籍販売,フォロワー0・ワーママ向け7日ロードマップ,Kindle著者。実績は書籍内自己申告,,1,https://www.amazon.co.jp/dp/B0FPCH9P53
70,にぎやか三姉妹と母ちゃん日和,A. 教材・ノウハウ販売型,子育て/日用品(3姉妹ママ),不明,不明,"note(@kosumosu05), 楽天ルーム",不明,『爆速バズ』で収益化(具体額不明・本人公表),⑤目標値/少額・実額不明,有料note(楽天ルーム×Threads全戦略),楽天ルーム挫折→Threadsで巻き返した体験談型,本人公表のみ・検証不可。『爆速バズ』は誇張の可能性,,1,https://note.com/kosumosu05/n/n705e57b49c93
71,まな,A. 教材・ノウハウ販売型,AI活用/日用品,不明,不明,note(@amiiii_714),不明,不明,不明/非公表,有料note(保存版 AI×楽天アフィリエイト攻略),AI活用の攻略noteを『保存版』として販売,本人公表のみ・検証不可,,1,https://note.com/amiiii_714/n/n04363dac9362
72,ももトト,A. 教材・ノウハウ販売型,note収益・楽天ROOM収益ノウハウ,不明,不明,note(momona1204)、楽天ROOM、Threads,不明,1ヶ月以内にnote収益・楽天ROOM収益を達成,⑤目標値/少額・実額不明,楽天ROOM＋note販売,達成手法をまとめて販売,自己申告・note導線。信頼度低,,1,https://note.com/momona1204/n/ndfe6492afd27
73,ゆるまる,A. 教材・ノウハウ販売型,子育てママ副業(Threads×楽天),不明,不明,note(yurumaru_fukugyo),不明（フォロバ100運用）,『月36万円を稼ぐ6ステップ』,②月15〜50万(要検証),note有料記事,6ステップ・保存版フォーマット,月36万は販売見出しの自己申告。誇大の可能性,要注意(誇大の可能性),1,https://note.com/yurumaru_fukugyo/n/ndcc90f841076
74,ゆーすけ,A. 教材・ノウハウ販売型,Threads×楽天アフィリエイト専用GPT活用,不明,不明,note(u_suke_37),不明,不明,不明/非公表,note『専用GPT活用法』販売,スマホ1台・超初心者向けAI副業の解説型,GPT活用ノウハウ中心。実績乏しい,,1,https://note.com/u_suke_37/n/n614f8aca4c34
75,わかりやすく教えるよ（23歳）,A. 教材・ノウハウ販売型,SNS副業全般・Threads×楽天/オプトイン,不明,不明,独自ドメインブログ,不明,『SNS副業で月300万稼いで人生変えた』(肩書き),①誇大・要検証(月100万超〜/累計高額),ブログ→教材/オプトインアフィ導線,高額実績を掲げる情報発信ブログ,月300万は屋号レベルの主張で検証不可。誇大広告の典型,要注意(誇大の可能性),1,https://wakariyasukuosieruyo.blog/threads-rakuten-affiliate/
76,わちゃママ,A. 教材・ノウハウ販売型,Threads×ブログ×楽天アフィ,不明,不明,Brain(ayami-4boy_1),不明,不明,不明/非公表,Brain有料教材,ブログ併用の商品選び〜収益化解説,実績数値未確認、教材販売主体,,1,https://brain-market.com/u/ayami-4boy_1/a/bxUDNzEjMgoTZsNWa0JXY
77,エリーナ（カエル出版）,A. 教材・ノウハウ販売型,楽天ROOMアフィリエイト入門（マンガ）,不明,不明,Amazon Kindle,不明,不明,不明/非公表,Kindle『マンガでわかる楽天ROOMガイドブック』販売,マンガ形式・すきま時間/初期費用ゼロ訴求,入門的。Threads特化ではなく楽天ROOM周辺,,1,https://www.amazon.co.jp/dp/B0DXVSXZ7Z
78,ナマケモノ課長,A. 教材・ノウハウ販売型,Threads×楽天アフィリエイト（初心者ロードマップ）,不明,不明,Brain(namakemono_kacho),不明,『最短で月1万円』（目標値）,④月1〜5万(初級レンジ),Brain『スマホだけでできる始め方と最短で月1万円ロードマップ』販売,スマホ完結・最短ロードマップ型,目標値ベースで控えめ。過度な誇張は少なめ,,1,https://brain-market.com/u/namakemono_kacho/a/b0QDMyMjMgoTZsNWa0JXY
79,マサノアトリエ,A. 教材・ノウハウ販売型,Threads×アフィリエイト,不明,不明,note(masanoatelier),不明,「初月から最速で収益化」,⑤目標値/少額・実額不明,note記事(完全攻略ロードマップ),最速収益化のロードマップ型,note発信者。ハンドル未確認,,1,https://note.com/masanoatelier/n/ne855ff7fe29b
80,副業オタクちゃんねる@フォロバ100,A. 教材・ノウハウ販売型,Threads収益化ガイド（総合）,不明,不明,note(hukugyouotaku),不明,不明,不明/非公表,note有料記事でThreads収益化を販売,初心者向け網羅ガイド型,楽天特化ではなく総合。実績記述乏しい,,1,https://note.com/hukugyouotaku/n/na5c6c210ec56
81,収入の柱を増やしたママ,A. 教材・ノウハウ販売型,Threads×楽天アフィリエイト(ママ),不明,不明,note(tasty_bee5002),不明,不明,不明/非公表,note記事(NGパターン・テンプレ公開),NGと正解テンプレの対比型,note発信者。ハンドル未確認,,1,https://note.com/tasty_bee5002/n/n209f36c22688
82,1982yamada,B. Threads実践・発信型,楽天商品紹介(Threads連携),不明,不明,アメブロ(1982yamada),不明,不明,不明/非公表,アメブロ/楽天アフィ,『Threadsと楽天アフィのはじめ方』＋商品紹介,収益実績提示なし、実践/紹介ブログ,,1,https://ameblo.jp/1982yamada/entry-12915414654.html
83,68歳シニアの忘備録,B. Threads実践・発信型,シニア副業/日用品,不明,不明,note(@68sai_old),不明,月1万円(目標値・本人提示),④月1〜5万(初級レンジ),有料/無料note(図解の始め方ガイド),68歳シニア視点の図解つき初心者ガイド,本人公表のみ・検証不可。額は控えめで現実的,,1,https://note.com/68sai_old/n/n81b20e676158
84,AI_DAISUKI,B. Threads実践・発信型,AI活用/SNS収益化全般,不明,不明,note(@shiny_vole7937),不明,不明,不明/非公表,有料/無料note(Threads収益化条件解説),2026年最新のThreads収益化条件を解説する情報整理型,本人公表のみ・検証不可。ノウハウ解説主体,,1,https://note.com/shiny_vole7937/n/n64b702c41a4f
85,Jack Daniel Classic,B. Threads実践・発信型,Threads自動投稿×SNSアフィリエイト副業,不明,不明,ココナラ(blogs/4961604),不明,不明,不明/非公表,ココナラブログ集客＋Threads自動投稿ツール導線,自動投稿・仕組み化を訴求するツール寄り,ココナラ導線。実績不明,,1,https://coconala.com/blogs/4961604/477638
86,SINGARI(Amazon運用×売上最大化),B. Threads実践・発信型,EC運用/ガジェット(Amazon・楽天),不明,不明,note(@hika_ai),不明,不明(実践記として収益過程を連載),⑤目標値/少額・実額不明,有料/無料note(実践記シリーズ),『第0回〜』の連載形式でThreads×楽天アフィを実況,本人公表のみ・検証不可,,1,https://note.com/hika_ai/n/n04359825a6ea
87,misa（浪費OLから社長へ）,B. Threads実践・発信型,浪費/ハイブランド・楽天アフィ,不明,不明,アメブロ(misa0091),不明,楽天アフィリ発生報酬 月60万円超(2025年1月・スクショ公開),①誇大・要検証(月100万超〜/累計高額),アメブロ Ameba Pick/楽天アフィ,実収益スクショ公開型の高額実績ブロガー,ブログ主体(Threads主軸か不明)。スクショ提示あり,,1,https://ameblo.jp/misa0091/entry-12955350840.html
88,うさりんご,B. Threads実践・発信型,楽天アフィリエイト収益公開,不明,不明,独自ドメインブログ(usaringo.info),不明,1年目で月5万円、1年半で月6桁(ブログで収入公開),④月1〜5万(初級レンジ),ブログ/楽天アフィ,収入公開・継続実績を淡々と報告,ブログ主体でThreads主軸ではない可能性。継続記録型で信頼度高め,,1,https://usaringo.info/affiliate-18month/
89,おきるママ,B. Threads実践・発信型,スレッズ×主婦の副業,不明,不明,note(okirumama),不明,不明(「脱サラ計画」訴求),⑤目標値/少額・実額不明,note連載,脱サラを目指す主婦の副業実践記,note発信者。ハンドル未確認,,1,https://note.com/okirumama/n/n430e5cd21588
90,なまけもも看護師,B. Threads実践・発信型,看護師/日用品(専門職系),不明,不明,note(@namakemomo_ns_),不明,不明,不明/非公表,有料/無料note(noteに楽天アフィを貼る方法),楽天アフィの規約・貼り方などノウハウ解説型,本人公表のみ・検証不可(収益公表は薄い),,1,https://note.com/namakemomo_ns_/n/n1b6913e141ae
91,みつばち,B. Threads実践・発信型,主婦のゆる楽天アフィ,不明,不明,note(charm_bee9821),不明,不明,不明/非公表,note(体験記),『主婦でもできた第一歩』初心者体験,収益主張ほぼなし、初心者記録,,1,https://note.com/charm_bee9821/n/n20111cfdd133
92,りよ◎（お得・節約大好きマン）,B. Threads実践・発信型,お得・節約(Threadsアフィ検証),不明,不明,アメブロ(riyo-o0),不明,『Threadsアフィでバズった結果』収益化検証,⑤目標値/少額・実額不明,アメブロ/アフィリンク,節約系ブロガーのバズ×収益化レビュー,検証レビュー型。数値は要確認,,1,https://ameblo.jp/riyo-o0/entry-12926784895.html
93,りーまん,B. Threads実践・発信型,副業/楽天アフィ収入公開,不明,不明,独自ドメインブログ,不明,収入公開＋『稼げない？成果を出す方法』,⑤目標値/少額・実額不明,ブログ/アフィリンク,サラリーマン副業の収入公開レビュー,数値は記事内自己申告。検証系寄り,,1,https://side-business.blog/rakuten-kasegu/
94,浅漬けちゃん,B. Threads実践・発信型,Threads楽天アフィリエイト発信,不明,不明,note(musubu_threads)、Threads、楽天アフィリエイト,不明,不明,不明/非公表,楽天アフィリエイト＋note,IGとThreadsの比較・Threads推し発信,ノウハウ発信型。信頼度中〜低,,1,https://note.com/musubu_threads/n/n2b2be2c079fc
95,資さん｜ゆるく楽天アフィ,B. Threads実践・発信型,日用品/暮らし,不明,不明,note(@fine_rabbit9790),不明,月10万円稼ぐ人の視点(本人公表),③月8〜10万,有料/無料note(ノウハウ),『月10万稼ぐ人が絶対にやらないこと』逆説型,本人公表のみ・検証不可,,1,https://note.com/fine_rabbit9790/n/nbacb4d06d08d
96,AYA,C. 楽天ROOMインフルエンサー型,楽天ROOM ファッション,不明,不明,"Instagram, 楽天ROOM",不明,不明,不明/非公表,楽天ROOMアフィリエイト,164cm長身でプチプラ〜ハイブランド着用画像,find-model掲載,,1,https://find-model.jp/insta-lab/rakuten-room-influencers-fashion/
97,MIYO,C. 楽天ROOMインフルエンサー型,プチプラファッション(GU/UNIQLO/ZARA/楽天/しまむら),@MIYO（推定）,推定,Instagram、楽天ROOM,IG 約41.4万,不明,不明/非公表,楽天ROOM/楽天アフィリエイト、タイアップ,真似するだけの高見えプチプラコーデ,find-model掲載。信頼度中〜高,,1,https://find-model.jp/insta-lab/rakuten-room-influencers-fashion/
98,NANA〜副業カフェ,C. 楽天ROOMインフルエンサー型,日用品/暮らし(楽天ROOM),不明,不明,"note(@nanacafehukugyou), 楽天ROOM","楽天ROOM 6,827フォロワー(1ヶ月・本人公表)",楽天ROOM売上10万(1ヶ月ガチ運用・本人公表),⑤目標値/少額・実額不明,有料/無料note(楽天ROOM運用体験),『1か月ガチったら』と短期集中の実績訴求,本人公表のみ・検証不可。フォロワー数値は具体的,,1,https://note.com/nanacafehukugyou/n/n3bb48e277a55
99,Toshihiro Yasutake,C. 楽天ROOMインフルエンサー型,楽天ROOM ファッション・インテリア,不明,不明,"Instagram, 楽天ROOM, 服飾専門学校講師",約24.9万(2023年9月時点/推定),不明,不明/非公表,楽天ROOMアフィリエイト,ファッション×インテリアを横断して紹介,find-model掲載、専門学校講師の肩書,,1,https://find-model.jp/insta-lab/rakuten-room-influencers-fashion/
100,hanyacoro,C. 楽天ROOMインフルエンサー型,楽天ROOM 生活雑貨・調理器具・家具家電,不明,不明,"Instagram, 楽天ROOM",不明,不明,不明/非公表,楽天ROOMアフィリエイト,生活雑貨を軸に幅広いジャンルを紹介,find-model掲載,,1,https://find-model.jp/insta-lab/rakuten-room-influencers-lifestyle-goods/
101,hichon（ひちょん）,C. 楽天ROOMインフルエンサー型,暮らし・ミニマル・片づけ,不明,不明,Instagram、楽天ROOM、書籍(KADOKAWA),IG 約27.9万（2024年9月時点）,不明,不明/非公表,楽天ROOM、書籍出版、企業タイアップ,手放す暮らし・選び方の提案,ROOM OF THE YEAR 2年連続MVP、書籍あり。信頼度高,,1,https://prtimes.jp/main/html/rd/p/000015352.000007006.html
102,kubokawakatsuya,C. 楽天ROOMインフルエンサー型,楽天ROOM インテリア,不明,不明,"Instagram, 楽天ROOM, インテリアスタイリスト",不明,不明,不明/非公表,楽天ROOMアフィリエイト,スタイリッシュなインテリア、重さ/付属品まで言及,インテリアスタイリストの専門性、find-model掲載,,1,https://find-model.jp/insta-lab/rakuten-room-interior-influencer/
103,mako_530,C. 楽天ROOMインフルエンサー型,ファッション,不明,不明,Instagram、楽天ROOM,不明,不明,不明/非公表,楽天ROOM/楽天アフィリエイト,ファッションアイテム紹介,ROOM OF THE YEAR 2024ファッション部門関連で言及。信頼度中,,1,https://find-model.jp/insta-lab/rakuten-room-influencers-fashion/
104,mami,C. 楽天ROOMインフルエンサー型,キッチン・料理・グルメ,不明,不明,Instagram、楽天ROOM,不明（殿堂入り）,不明,不明/非公表,楽天ROOM/楽天アフィリエイト,キッチン・料理グッズ中心,ROOM OF THE YEAR 3年連続部門受賞・殿堂入り。信頼度高,,1,https://room.rakuten.co.jp/feature/room_people_vol93/
105,megu room／コレ！ご自由に♡,C. 楽天ROOMインフルエンサー型,楽天ROOM 日用品・雑貨,不明,不明,"Instagram, 楽天ROOM",約31.01万(楽天ROOM/推定),不明,不明/非公表,楽天ROOMアフィリエイト,「コレ！」と勧める日用品・雑貨を紹介,find-model掲載,,1,https://find-model.jp/insta-lab/rakutenroom-influencer-household-goods/
106,momoka,C. 楽天ROOMインフルエンサー型,北欧雑貨・整理収納（ママ）,不明,不明,Instagram、楽天ROOM,不明,不明,不明/非公表,楽天ROOM/楽天アフィリエイト,北欧式整理収納プランナー、収納術発信,find-model掲載。信頼度中,,1,https://find-model.jp/insta-lab/rakuten-room-influencers-lifestyle-goods/
107,saori ROOMインフルエンサー,C. 楽天ROOMインフルエンサー型,楽天ROOM インテリア,不明,不明,"Instagram, 楽天ROOM",約3.4万(2022年11月時点/推定),不明,不明/非公表,楽天ROOMアフィリエイト,インテリア中心の紹介,find-model掲載(数値は2022年時点),,1,https://find-model.jp/insta-lab/rakuten-room-interior-influencer/
108,sayako,C. 楽天ROOMインフルエンサー型,ファッション,不明,不明,Instagram、楽天ROOM,楽天ROOM ヘビーユーザー（紹介商品1万点超）,不明,不明/非公表,楽天ROOM/楽天アフィリエイト,大量の商品を継続紹介するヘビーユーザー型,ROOM OF THE YEAR 2024ファッション部門大賞（2連覇）。信頼度高,,1,https://room.rakuten.co.jp/feature/special_award2024/
109,tip｜インテリアと暮らし,C. 楽天ROOMインフルエンサー型,楽天ROOM インテリア,不明,不明,"Instagram, 楽天ROOM",約2.1万(2022年11月時点/推定),不明,不明/非公表,楽天ROOMアフィリエイト,インテリアと暮らしのアイテム紹介,find-model掲載(数値は2022年時点),,1,https://find-model.jp/insta-lab/rakuten-room-interior-influencer/
110,yukiko_ismart（ゆきこ）,C. 楽天ROOMインフルエンサー型,インテリア・シンプルライフ,@yukiko_ismart（推定）,推定,Instagram/楽天ROOM(room_2b6017e5e7)、Ameba公式トップブロガー,楽天ROOM 約99.9万（殿堂入り）,不明,不明/非公表,楽天ROOM/楽天アフィリエイト、Ameba,シンプルで安く役立つ商品を厳選紹介,殿堂入りの著名アカウント。信頼度高,,1,https://room.rakuten.co.jp/room_2b6017e5e7/items
111,えりか,C. 楽天ROOMインフルエンサー型,インテリア・収納,不明,不明,Instagram、楽天ROOM、ひなたライフ公式アンバサダー,不明,不明,不明/非公表,楽天ROOM、アンバサダー,白壁×ウッディ家具のお手本収納術,公式アンバサダー。信頼度中〜高,,1,https://influencermarketing-company.com/influencer-column/rakuten-influencer/
112,えりん☺︎,C. 楽天ROOMインフルエンサー型,楽天ROOM ファッション・グルメ,不明,不明,"Instagram, 楽天ROOM",不明（大型/推定）,不明,不明/非公表,楽天ROOMアフィリエイト,自身で試したファッション・グルメを中心に紹介,ROOM of the year(ファッション)2019・2020連覇で信頼度高,,1,https://find-model.jp/insta-lab/rakuten-room-influencers-fashion/
113,きなこ（育児と暮らしを楽しむアイテム）,C. 楽天ROOMインフルエンサー型,育児・暮らし,不明,不明,Instagram、ブログ、楽天ROOM,IG 約20.1万,不明,不明/非公表,楽天ROOM、ブログ、タイアップ,育児・暮らしの実用アイテムをピックアップ,find-model掲載。信頼度中,,1,https://find-model.jp/insta-lab/influencers-rakuten-room-family/
114,きりんさん,C. 楽天ROOMインフルエンサー型,日用品/暮らし,不明,不明,"note(@fine_pony9663), 楽天ルーム",不明,不明,不明/非公表,有料/無料note(楽天ルーム×Threads収益化),『今からでも遅くない』自然シェア型収益化,本人公表のみ・検証不可,,1,https://note.com/fine_pony9663/n/n450e4313ed22
115,でらこ（でらこブログ）,C. 楽天ROOMインフルエンサー型,楽天ROOM攻略・現役ルーマー,不明,不明,ブログ(melo-blog.com)、楽天ROOM、Threads、X,不明,月1万円超の手法を解説,④月1〜5万(初級レンジ),楽天ROOM/アフィリエイト＋ブログ,アフィリエイトレポート分析など実務ノウハウ発信,2026年現役ルーマーを標榜、実務的。信頼度中,,1,https://melo-blog.com/room-afi-report
116,ぴ～す（楽天ROOMで週末をちょっとリッチに）,C. 楽天ROOMインフルエンサー型,楽天ROOM稼ぎ方(主婦・週末副業),不明,不明,note(peace_room01)、楽天ROOM、Threads,不明,『1ヶ月目から○万円』を訴求,⑤目標値/少額・実額不明,楽天ROOM＋note,初心者向けに月収例を提示,自己申告・note導線。信頼度低,,1,https://note.com/peace_room01/n/n8fe07429d244
117,ふなりく,C. 楽天ROOMインフルエンサー型,楽天ROOM キッチン・生活雑貨・インテリア,不明,不明,"Instagram, 楽天ROOM",約28.6万(楽天ROOM/推定),不明,不明/非公表,楽天ROOMアフィリエイト,主婦経験を活かした暮らしの実用品紹介,find-model掲載,,1,https://find-model.jp/insta-lab/rakutenroom-influencer-household-goods/
118,みゅう 子育てグッズと暮らしのモノ,C. 楽天ROOMインフルエンサー型,楽天ROOM 子育て・ベビー,不明,不明,"Instagram×2, 楽天ROOM","不明（紹介商品9,000点超）",不明,不明/非公表,楽天ROOMアフィリエイト,出産・育児の段階別にマタニティ/ベビー用品を紹介,ROOM OF THE YEAR 2024キッズ・ベビー部門大賞で信頼度高,,1,https://find-model.jp/insta-lab/influencers-rakuten-room-family/
119,もちこ⌇roomインフルエンサー,C. 楽天ROOMインフルエンサー型,生活雑貨・日用品,不明,不明,Instagram、楽天ROOM(room_11c5b9b43f),楽天ROOM 約7.4万,不明,不明/非公表,楽天ROOM/楽天アフィリエイト,利便性・安全性重視の日用品紹介,ROOM OF THE YEAR 2024部門賞。信頼度高,,1,https://room.rakuten.co.jp/room_11c5b9b43f/items
120,ゆね,C. 楽天ROOMインフルエンサー型,ホーム・インテリア・家電,不明,不明,Instagram、楽天ROOM,不明,不明,不明/非公表,楽天ROOM/楽天アフィリエイト,ホワイト×ライトブルー、自宅購入品を実写で紹介,ROOM OF THE YEAR 2023・2024部門大賞。信頼度高,,1,https://find-model.jp/insta-lab/rakuten-room-interior-influencer/
121,ゆり（『28文字の片づけ』著者）,C. 楽天ROOMインフルエンサー型,片づけ・収納・インテリア,不明,不明,Instagram、楽天ROOM、書籍、ひなたライフ公式アンバサダー,約16万超,不明,不明/非公表,楽天ROOM、書籍、アンバサダー,収納・片づけメソッド発信,ベストセラー著者・公式アンバサダー。信頼度高,,1,https://influencermarketing-company.com/influencer-column/rakuten-influencer/
122,ママのための副業相談室,C. 楽天ROOMインフルエンサー型,子育て/日用品(主婦・楽天ROOM×Threads),不明,不明,"note(@zaitaku_fight), 楽天ROOM",不明,月1万円(目標値・本人提示),④月1〜5万(初級レンジ),有料/無料note(始め方ガイド),『好きなもの紹介で稼ぐ』主婦初心者向け,本人公表のみ・検証不可,,1,https://note.com/zaitaku_fight/n/n69d5b487f150
123,ミニマリストあやじま／1才児と身軽に,C. 楽天ROOMインフルエンサー型,ミニマリスト・収納・子育て,不明,不明,Instagram、楽天ROOM,IG 約28.2万,不明,不明/非公表,楽天ROOM/楽天アフィリエイト、タイアップ,白・グレー基調、生活感を抑えたミニマル収納,find-model掲載。信頼度中〜高,,1,https://find-model.jp/insta-lab/influencers-rakuten-room-family/
124,ヨキチ,C. 楽天ROOMインフルエンサー型,楽天ROOM×Instagram収益化ノウハウ,不明,不明,note(yokichi_note7)、Instagram、楽天ROOM,不明,『フォロワー0でも月1万円』を訴求,④月1〜5万(初級レンジ),楽天ROOM/アフィリエイト＋note,フォロワー0スタートの収益化ガイド,ノウハウ発信・note導線。信頼度中〜低,,1,https://note.com/yokichi_note7/n/n29875c6755ce
125,丸の内OLの憂鬱,C. 楽天ROOMインフルエンサー型,OL・美容・コスメ・ライフスタイル,不明,不明,X(約36.18万)、Instagram(約19万),X 約36.18万／IG 約19万,不明,不明/非公表,楽天ROOM/アフィリエイト(推定)、タイアップ,20〜30代OL向けの等身大発信,OL系代表格だが楽天ROOM実践度は要確認。信頼度中,,1,https://influencermarketing-company.com/influencer-column/x-20s-beauty-influencer/
126,Threads運用代行サービス出品者（ココナラ),D. コンサル・教育事業型,Threads運用代行（手作業・bot無し）,不明,不明,ココナラ(services/2909996),不明,不明,不明/非公表,ココナラでThreads運用代行を販売,bot不使用・手作業運用を売りにした代行型,匿名。楽天アフィ特化かは要確認,,1,https://coconala.com/services/2909996
127,sayomi（ブログの学校）,D. コンサル・教育事業型,ブログ/SNS収益化スクール運営,不明,不明,アメブロ(sayomimiheya),"受講者1,800名以上と主張",不明,不明/非公表,スクール/講座販売,『ど田舎でもスキル0でも』教育者ポジション,スクール集客目的。受講者数は自己申告,,1,https://ameblo.jp/sayomimiheya/entry-12911054236.html
128,シロウ,D. コンサル・教育事業型,Threads収益化・仕組み化（美容）,不明,不明,Brain/教材（SNS起業系）,1万人（Threads、運用70日と主張）,累計2億円、Threads運用30日で月商100万円（自己申告）,①誇大・要検証(月100万超〜/累計高額),教材・コンサル販売,1日30分以下運用・仕組み化を強調するハイ実績訴求,累計2億・月商100万は検証不可、誇大の可能性が高い,要注意(誇大の可能性),1,https://freelife-marke.com/threads/
129,hatomama,E. 検証・批評型,Threads×楽天アフィの実態暴露,不明,不明,note(mama_note_),不明,0→1達成後にゼロに戻った(正直な失敗談),⑤目標値/少額・実額不明,note,『バズっても売れない』実態を語る逆張り型,誇大の逆。稼げなかった側の証言として信頼度は相対的に高い,要注意(誇大の可能性),1,https://note.com/mama_note_/n/n92c66030f017
130,ume☆,E. 検証・批評型,Threads×楽天アフィリエイト（アカ停止体験記）,不明,不明,note(ume00000),不明,不明,不明/非公表,note記事（失敗談ノウハウ）,アカウント停止のリアル体験を共有する警鐘型,ネガ体験共有で誇張少。純粋な販売者かは弱い,,1,https://note.com/ume00000/n/nac03e6ba16d3
131,しほ,E. 検証・批評型,Threads×楽天アフィ注意喚起,不明,不明,note(shiho_life_),不明,不明,不明/非公表,note(無料→有料誘導),『“モニター”の罠』など注意喚起フック,数値実績なし、心理フック型,,1,https://note.com/shiho_life_/n/n6d7daf66b886
132,ひろもと｜脱・楽天アフィ,E. 検証・批評型,アフィリエイト全般(逆張り),不明,不明,note(@hiromoto_acad),不明,不明(『楽天アフィ・オワコン』逆張り論),⑤目標値/少額・実額不明,note(別手法への誘導),楽天アフィのオワコン論を唱える逆張り・注意喚起型,検証・批評寄り。誇大表現なし(むしろ警鐘),要注意(誇大の可能性),1,https://note.com/hiromoto_acad/n/n97444c07e9c1
